{
  "table_of_contents": [
    {
      "title": "Racing League Tools",
      "heading_level": null,
      "page_id": 0,
      "polygon": [
        [
          229.611328125,
          298.47821044921875
        ],
        [
          365.515625,
          298.47821044921875
        ],
        [
          365.515625,
          313.48876953125
        ],
        [
          229.611328125,
          313.48876953125
        ]
      ]
    },
    {
      "title": "FLEX RENDERER",
      "heading_level": null,
      "page_id": 0,
      "polygon": [
        [
          245.6171875,
          326.6982421875
        ],
        [
          352.12890625,
          326.6982421875
        ],
        [
          352.12890625,
          341.240234375
        ],
        [
          245.6171875,
          341.240234375
        ]
      ]
    },
    {
      "title": "MANUAL / DOCUMENTATION",
      "heading_level": null,
      "page_id": 0,
      "polygon": [
        [
          197.017578125,
          354.89825439453125
        ],
        [
          397.818359375,
          354.89825439453125
        ],
        [
          397.818359375,
          369.40283203125
        ],
        [
          197.017578125,
          369.40283203125
        ]
      ]
    },
    {
      "title": "Introduction",
      "heading_level": null,
      "page_id": 1,
      "polygon": [
        [
          41.651611328125,
          43.9398193359375
        ],
        [
          140.4150390625,
          43.9398193359375
        ],
        [
          140.4150390625,
          64.1881103515625
        ],
        [
          41.651611328125,
          64.1881103515625
        ]
      ]
    },
    {
      "title": "Basic principles",
      "heading_level": null,
      "page_id": 2,
      "polygon": [
        [
          43.28857421875,
          247.0908203125
        ],
        [
          144.86175537109375,
          247.0908203125
        ],
        [
          144.86175537109375,
          265.591796875
        ],
        [
          43.28857421875,
          265.591796875
        ]
      ]
    },
    {
      "title": "Folders structure",
      "heading_level": null,
      "page_id": 3,
      "polygon": [
        [
          41.97900390625,
          43.91412353515625
        ],
        [
          171.1171875,
          43.91412353515625
        ],
        [
          171.1171875,
          63.7769775390625
        ],
        [
          41.97900390625,
          63.7769775390625
        ]
      ]
    },
    {
      "title": "theme_description.json",
      "heading_level": null,
      "page_id": 3,
      "polygon": [
        [
          42.875404357910156,
          607.2431640625
        ],
        [
          195.271484375,
          607.2431640625
        ],
        [
          195.271484375,
          622.8662109375
        ],
        [
          42.875404357910156,
          622.8662109375
        ]
      ]
    },
    {
      "title": "ThemeLink",
      "heading_level": null,
      "page_id": 4,
      "polygon": [
        [
          41.68798828125,
          312.8720703125
        ],
        [
          106.00244140625,
          312.8720703125
        ],
        [
          106.00244140625,
          328.90625
        ],
        [
          41.68798828125,
          328.90625
        ]
      ]
    },
    {
      "title": "Theme resources",
      "heading_level": null,
      "page_id": 5,
      "polygon": [
        [
          42.233642578125,
          44.83917236328125
        ],
        [
          172.1357421875,
          44.83917236328125
        ],
        [
          172.1357421875,
          64.033935546875
        ],
        [
          42.233642578125,
          64.033935546875
        ]
      ]
    },
    {
      "title": "Layouts",
      "heading_level": null,
      "page_id": 6,
      "polygon": [
        [
          42.41552734375,
          44.40234375
        ],
        [
          103.1650390625,
          44.40234375
        ],
        [
          103.1650390625,
          64.650634765625
        ],
        [
          42.41552734375,
          64.650634765625
        ]
      ]
    },
    {
      "title": "",
      "heading_level": null,
      "page_id": 6,
      "polygon": [
        [
          64.932861328125,
          665.212890625
        ],
        [
          197.890625,
          665.212890625
        ],
        [
          197.890625,
          680.013671875
        ],
        [
          64.932861328125,
          680.013671875
        ]
      ]
    },
    {
      "title": "layout_description.json",
      "heading_level": null,
      "page_id": 7,
      "polygon": [
        [
          42.85205078125,
          85.0531005859375
        ],
        [
          196.7265625,
          85.0531005859375
        ],
        [
          196.7265625,
          102.9373779296875
        ],
        [
          42.85205078125,
          102.9373779296875
        ]
      ]
    },
    {
      "title": "Render\n \ntypes",
      "heading_level": null,
      "page_id": 7,
      "polygon": [
        [
          42.56103515625,
          496.2373046875
        ],
        [
          130.01123046875,
          496.2373046875
        ],
        [
          130.01123046875,
          514.3271484375
        ],
        [
          42.56103515625,
          514.3271484375
        ]
      ]
    },
    {
      "title": "Render captions",
      "heading_level": null,
      "page_id": 8,
      "polygon": [
        [
          42.961181640625,
          426.755859375
        ],
        [
          151.619140625,
          426.755859375
        ],
        [
          151.619140625,
          444.0901794433594
        ],
        [
          42.961181640625,
          444.0901794433594
        ]
      ]
    },
    {
      "title": "Render data types",
      "heading_level": null,
      "page_id": 9,
      "polygon": [
        [
          42.9248046875,
          43.75994873046875
        ],
        [
          162.92596435546875,
          43.75994873046875
        ],
        [
          162.92596435546875,
          61.772705078125
        ],
        [
          42.9248046875,
          61.772705078125
        ]
      ]
    },
    {
      "title": "RenderType: DriverSessionStatistics",
      "heading_level": null,
      "page_id": 9,
      "polygon": [
        [
          41.4697265625,
          343.70703125
        ],
        [
          241.1064453125,
          343.70703125
        ],
        [
          241.1064453125,
          360.0050354003906
        ],
        [
          41.4697265625,
          360.0050354003906
        ]
      ]
    },
    {
      "title": "RenderType: DriverSeasonStatistics",
      "heading_level": null,
      "page_id": 9,
      "polygon": [
        [
          42.3427734375,
          621.2216796875
        ],
        [
          241.1064453125,
          621.2216796875
        ],
        [
          241.1064453125,
          637.4049987792969
        ],
        [
          42.3427734375,
          637.4049987792969
        ]
      ]
    },
    {
      "title": "Layers",
      "heading_level": null,
      "page_id": 11,
      "polygon": [
        [
          42.64999771118164,
          43.96551513671875
        ],
        [
          92.54296875,
          43.96551513671875
        ],
        [
          92.54296875,
          64.856201171875
        ],
        [
          42.64999771118164,
          64.856201171875
        ]
      ]
    },
    {
      "title": "Asset inheritance",
      "heading_level": null,
      "page_id": 12,
      "polygon": [
        [
          42.160888671875,
          426.755859375
        ],
        [
          156.7119140625,
          426.755859375
        ],
        [
          156.7119140625,
          443.201171875
        ],
        [
          42.160888671875,
          443.201171875
        ]
      ]
    },
    {
      "title": "Logotypes",
      "heading_level": null,
      "page_id": 13,
      "polygon": [
        [
          41.797119140625,
          43.8370361328125
        ],
        [
          122.80859375,
          43.8370361328125
        ],
        [
          122.80859375,
          65.4215087890625
        ],
        [
          41.797119140625,
          65.4215087890625
        ]
      ]
    },
    {
      "title": "Logotype variants",
      "heading_level": null,
      "page_id": 14,
      "polygon": [
        [
          42.597412109375,
          119.947998046875
        ],
        [
          163.1142578125,
          119.947998046875
        ],
        [
          163.1142578125,
          137.421142578125
        ],
        [
          42.597412109375,
          137.421142578125
        ]
      ]
    },
    {
      "title": "{Team.DarkLogotypePath}",
      "heading_level": null,
      "page_id": 15,
      "polygon": [
        [
          77.77392578125,
          441.9677734375
        ],
        [
          239.7149658203125,
          441.9677734375
        ],
        [
          239.7149658203125,
          458.4130859375
        ],
        [
          77.77392578125,
          458.4130859375
        ]
      ]
    },
    {
      "title": "Liveries",
      "heading_level": null,
      "page_id": 17,
      "polygon": [
        [
          41.83349609375,
          42.73211669921875
        ],
        [
          102.4375,
          42.73211669921875
        ],
        [
          102.4375,
          63.9825439453125
        ],
        [
          41.83349609375,
          63.9825439453125
        ]
      ]
    },
    {
      "title": "Block",
      "heading_level": null,
      "page_id": 18,
      "polygon": [
        [
          42.197265625,
          43.3231201171875
        ],
        [
          85.849609375,
          43.3231201171875
        ],
        [
          85.849609375,
          63.9825439453125
        ],
        [
          42.197265625,
          63.9825439453125
        ]
      ]
    },
    {
      "title": "Block properties",
      "heading_level": null,
      "page_id": 18,
      "polygon": [
        [
          42.85205078125,
          463.3466796875
        ],
        [
          153.07421875,
          463.3466796875
        ],
        [
          153.07421875,
          482.2587890625
        ],
        [
          42.85205078125,
          482.2587890625
        ]
      ]
    },
    {
      "title": "Common properties\n \nfor any type of block",
      "heading_level": null,
      "page_id": 19,
      "polygon": [
        [
          43.0962028503418,
          165.06982421875
        ],
        [
          318.662109375,
          165.06982421875
        ],
        [
          318.662109375,
          183.365234375
        ],
        [
          43.0962028503418,
          183.365234375
        ]
      ]
    },
    {
      "title": "Block Types and Block Options",
      "heading_level": null,
      "page_id": 22,
      "polygon": [
        [
          42.0517578125,
          43.5286865234375
        ],
        [
          276.6103515625,
          43.5286865234375
        ],
        [
          276.6103515625,
          64.5992431640625
        ],
        [
          42.0517578125,
          64.5992431640625
        ]
      ]
    },
    {
      "title": "Image",
      "heading_level": null,
      "page_id": 22,
      "polygon": [
        [
          42.70654296875,
          161.266845703125
        ],
        [
          85.34033203125,
          161.266845703125
        ],
        [
          85.34033203125,
          178.534423828125
        ],
        [
          42.70654296875,
          178.534423828125
        ]
      ]
    },
    {
      "title": "BlockType\n: image \nBlockOptions\n: ImageOptions",
      "heading_level": null,
      "page_id": 22,
      "polygon": [
        [
          42.48828125,
          189.635009765625
        ],
        [
          315.4609375,
          189.635009765625
        ],
        [
          315.4609375,
          205.669189453125
        ],
        [
          42.48828125,
          205.669189453125
        ]
      ]
    },
    {
      "title": "Text",
      "heading_level": null,
      "page_id": 22,
      "polygon": [
        [
          42.856998443603516,
          649.58984375
        ],
        [
          74.0906982421875,
          649.58984375
        ],
        [
          74.0906982421875,
          665.212890625
        ],
        [
          42.856998443603516,
          665.212890625
        ]
      ]
    },
    {
      "title": "ColorizeRatingOptions",
      "heading_level": null,
      "page_id": 23,
      "polygon": [
        [
          42.12451171875,
          188.09326171875
        ],
        [
          173.154296875,
          188.09326171875
        ],
        [
          173.154296875,
          203.71630859375
        ],
        [
          42.12451171875,
          203.71630859375
        ]
      ]
    },
    {
      "title": "GradientStop",
      "heading_level": null,
      "page_id": 23,
      "polygon": [
        [
          40.996826171875,
          287.79296875
        ],
        [
          120.189453125,
          287.79296875
        ],
        [
          120.189453125,
          303.416015625
        ],
        [
          40.996826171875,
          303.416015625
        ]
      ]
    },
    {
      "title": "Stack and Dock",
      "heading_level": null,
      "page_id": 23,
      "polygon": [
        [
          42.306396484375,
          445.66796875
        ],
        [
          146.962890625,
          445.66796875
        ],
        [
          146.962890625,
          462.935546875
        ],
        [
          42.306396484375,
          462.935546875
        ]
      ]
    },
    {
      "title": "BlockTypes\n: stack and dock \nBlockOptions\n: PanelOptions",
      "heading_level": null,
      "page_id": 23,
      "polygon": [
        [
          42.3427734375,
          499.115234375
        ],
        [
          367.84375,
          499.115234375
        ],
        [
          367.84375,
          514.73828125
        ],
        [
          42.3427734375,
          514.73828125
        ]
      ]
    },
    {
      "title": "ItemStack",
      "heading_level": null,
      "page_id": 24,
      "polygon": [
        [
          41.90625,
          542.6953125
        ],
        [
          110.29264831542969,
          542.6953125
        ],
        [
          110.29264831542969,
          560.78515625
        ],
        [
          41.90625,
          560.78515625
        ]
      ]
    },
    {
      "title": "Grid",
      "heading_level": null,
      "page_id": 25,
      "polygon": [
        [
          42.70654296875,
          356.24658203125
        ],
        [
          73.55419921875,
          356.24658203125
        ],
        [
          73.55419921875,
          375.98095703125
        ],
        [
          42.70654296875,
          375.98095703125
        ]
      ]
    },
    {
      "title": "BlockType: grid BlockOptions: GridOptions",
      "heading_level": null,
      "page_id": 25,
      "polygon": [
        [
          42.197265625,
          385.84814453125
        ],
        [
          304.111328125,
          385.84814453125
        ],
        [
          304.111328125,
          403.93798828125
        ],
        [
          42.197265625,
          403.93798828125
        ]
      ]
    },
    {
      "title": "GridRowDefinition",
      "heading_level": null,
      "page_id": 26,
      "polygon": [
        [
          41.90625,
          151.91357421875
        ],
        [
          150.74609375,
          151.91357421875
        ],
        [
          150.74609375,
          167.53662109375
        ],
        [
          41.90625,
          167.53662109375
        ]
      ]
    },
    {
      "title": "GridColDefinition",
      "heading_level": null,
      "page_id": 26,
      "polygon": [
        [
          41.90625,
          260.2470703125
        ],
        [
          144.92578125,
          260.2470703125
        ],
        [
          144.92578125,
          275.0478515625
        ],
        [
          41.90625,
          275.0478515625
        ]
      ]
    },
    {
      "title": "Canvas",
      "heading_level": null,
      "page_id": 26,
      "polygon": [
        [
          42.99755859375,
          410.92724609375
        ],
        [
          91.88818359375,
          410.92724609375
        ],
        [
          91.88818359375,
          427.9892578125
        ],
        [
          42.99755859375,
          427.9892578125
        ]
      ]
    },
    {
      "title": "BlockType\n: canvas \nBlockOptions\n: CanvasOptions",
      "heading_level": null,
      "page_id": 26,
      "polygon": [
        [
          43.0703125,
          437.4453125
        ],
        [
          342.525390625,
          437.4453125
        ],
        [
          342.525390625,
          453.068359375
        ],
        [
          43.0703125,
          453.068359375
        ]
      ]
    },
    {
      "title": "Table",
      "heading_level": null,
      "page_id": 26,
      "polygon": [
        [
          42.779296875,
          589.1533203125
        ],
        [
          81.3388671875,
          589.1533203125
        ],
        [
          81.3388671875,
          607.2431640625
        ],
        [
          42.779296875,
          607.2431640625
        ]
      ]
    },
    {
      "title": "BlockType\n: table \nBlockOptions\n: TableOptions",
      "heading_level": null,
      "page_id": 26,
      "polygon": [
        [
          43.43408203125,
          617.1103515625
        ],
        [
          297.41796875,
          617.1103515625
        ],
        [
          297.41796875,
          632.7333984375
        ],
        [
          43.43408203125,
          632.7333984375
        ]
      ]
    },
    {
      "title": "TableColumnDefinition",
      "heading_level": null,
      "page_id": 27,
      "polygon": [
        [
          42.524658203125,
          453.4794921875
        ],
        [
          177.9560546875,
          453.4794921875
        ],
        [
          177.9560546875,
          469.9248046875
        ],
        [
          42.524658203125,
          469.9248046875
        ]
      ]
    },
    {
      "title": "Shape",
      "heading_level": null,
      "page_id": 28,
      "polygon": [
        [
          42.9248046875,
          201.146728515625
        ],
        [
          84.685546875,
          201.146728515625
        ],
        [
          84.685546875,
          218.3115234375
        ],
        [
          42.9248046875,
          218.3115234375
        ]
      ]
    },
    {
      "title": "Component",
      "heading_level": null,
      "page_id": 28,
      "polygon": [
        [
          42.99755859375,
          385.642578125
        ],
        [
          121.13525390625,
          385.642578125
        ],
        [
          121.13525390625,
          403.3212890625
        ],
        [
          42.99755859375,
          403.3212890625
        ]
      ]
    },
    {
      "title": "ColorizeOptions",
      "heading_level": null,
      "page_id": 28,
      "polygon": [
        [
          43.0962028503418,
          545.984375
        ],
        [
          148.4911651611328,
          545.984375
        ],
        [
          148.4911651611328,
          563.5601806640625
        ],
        [
          43.0962028503418,
          563.5601806640625
        ]
      ]
    },
    {
      "title": "BlockOptions\n: ColorizeOptions",
      "heading_level": null,
      "page_id": 28,
      "polygon": [
        [
          42.9248046875,
          574.3525390625
        ],
        [
          205.166015625,
          574.3525390625
        ],
        [
          205.166015625,
          589.9755859375
        ],
        [
          42.9248046875,
          589.9755859375
        ]
      ]
    },
    {
      "title": "Components",
      "heading_level": null,
      "page_id": 29,
      "polygon": [
        [
          41.615234375,
          43.40020751953125
        ],
        [
          140.8515625,
          43.40020751953125
        ],
        [
          140.8515625,
          64.75341796875
        ],
        [
          41.615234375,
          64.75341796875
        ]
      ]
    },
    {
      "title": "1. \"\ncomponents\n\" folder (at the theme, layout or layer level).",
      "heading_level": null,
      "page_id": 29,
      "polygon": [
        [
          63.150390625,
          211.93896484375
        ],
        [
          408.5859375,
          211.93896484375
        ],
        [
          408.5859375,
          227.56201171875
        ],
        [
          63.150390625,
          227.56201171875
        ]
      ]
    },
    {
      "title": "2. Directly in layer's code",
      "heading_level": null,
      "page_id": 29,
      "polygon": [
        [
          61.91357421875,
          613.41015625
        ],
        [
          212.150390625,
          613.41015625
        ],
        [
          212.150390625,
          629.033203125
        ],
        [
          61.91357421875,
          629.033203125
        ]
      ]
    },
    {
      "title": "Component properties",
      "heading_level": null,
      "page_id": 30,
      "polygon": [
        [
          43.0962028503418,
          408.2548828125
        ],
        [
          191.754150390625,
          408.2548828125
        ],
        [
          191.754150390625,
          425.5224609375
        ],
        [
          43.0962028503418,
          425.5224609375
        ]
      ]
    },
    {
      "title": "\u0421\nomponent usage",
      "heading_level": null,
      "page_id": 30,
      "polygon": [
        [
          42.41552734375,
          562.8408203125
        ],
        [
          161.91494750976562,
          562.8408203125
        ],
        [
          161.91494750976562,
          578.4638671875
        ],
        [
          42.41552734375,
          578.4638671875
        ]
      ]
    },
    {
      "title": "Finding the required component",
      "heading_level": null,
      "page_id": 30,
      "polygon": [
        [
          42.6337890625,
          734.6943359375
        ],
        [
          258.5673828125,
          734.6943359375
        ],
        [
          258.5673828125,
          751.9619140625
        ],
        [
          42.6337890625,
          751.9619140625
        ]
      ]
    },
    {
      "title": "Component\n \nvariables",
      "heading_level": null,
      "page_id": 31,
      "polygon": [
        [
          42.99755859375,
          277.30908203125
        ],
        [
          183.37255859375,
          277.30908203125
        ],
        [
          183.37255859375,
          293.3602294921875
        ],
        [
          42.99755859375,
          293.3602294921875
        ]
      ]
    },
    {
      "title": "Styles",
      "heading_level": null,
      "page_id": 33,
      "polygon": [
        [
          42.015380859375,
          43.09185791015625
        ],
        [
          88.759765625,
          43.09185791015625
        ],
        [
          88.759765625,
          64.8048095703125
        ],
        [
          42.015380859375,
          64.8048095703125
        ]
      ]
    },
    {
      "title": "1. \"\nstyles\n\" folder (at the theme, layout or layer level).",
      "heading_level": null,
      "page_id": 33,
      "polygon": [
        [
          63.2958984375,
          246.2685546875
        ],
        [
          367.93798828125,
          246.2685546875
        ],
        [
          367.93798828125,
          261.8916015625
        ],
        [
          63.2958984375,
          261.8916015625
        ]
      ]
    },
    {
      "title": "2. Directly in layer's code",
      "heading_level": null,
      "page_id": 33,
      "polygon": [
        [
          61.33154296875,
          662.3349609375
        ],
        [
          210.404296875,
          662.3349609375
        ],
        [
          210.404296875,
          677.9580078125
        ],
        [
          61.33154296875,
          677.9580078125
        ]
      ]
    },
    {
      "title": "Style\n \nproperties",
      "heading_level": null,
      "page_id": 34,
      "polygon": [
        [
          43.2158203125,
          323.150390625
        ],
        [
          147.3994140625,
          323.150390625
        ],
        [
          147.3994140625,
          342.0625
        ],
        [
          43.2158203125,
          342.0625
        ]
      ]
    },
    {
      "title": "Styles hierarchy",
      "heading_level": null,
      "page_id": 34,
      "polygon": [
        [
          42.670166015625,
          482.669921875
        ],
        [
          148.41796875,
          482.669921875
        ],
        [
          148.41796875,
          500.759765625
        ],
        [
          42.670166015625,
          500.759765625
        ]
      ]
    },
    {
      "title": "Style \nusage",
      "heading_level": null,
      "page_id": 34,
      "polygon": [
        [
          42.27001953125,
          622.455078125
        ],
        [
          114.52436065673828,
          622.455078125
        ],
        [
          114.52436065673828,
          638.900390625
        ],
        [
          42.27001953125,
          638.900390625
        ]
      ]
    },
    {
      "title": "Finding the required style",
      "heading_level": null,
      "page_id": 35,
      "polygon": [
        [
          43.0703125,
          43.9398193359375
        ],
        [
          213.61196899414062,
          43.9398193359375
        ],
        [
          213.61196899414062,
          62.0296630859375
        ],
        [
          43.0703125,
          62.0296630859375
        ]
      ]
    },
    {
      "title": "Triggers",
      "heading_level": null,
      "page_id": 36,
      "polygon": [
        [
          42.197265625,
          43.4259033203125
        ],
        [
          107.2392578125,
          43.4259033203125
        ],
        [
          107.2392578125,
          65.6270751953125
        ],
        [
          42.197265625,
          65.6270751953125
        ]
      ]
    },
    {
      "title": "TriggerItem",
      "heading_level": null,
      "page_id": 36,
      "polygon": [
        [
          42.27001953125,
          306.705078125
        ],
        [
          111.38623046875,
          306.705078125
        ],
        [
          111.38623046875,
          322.7392578125
        ],
        [
          42.27001953125,
          322.7392578125
        ]
      ]
    },
    {
      "title": "TriggerPropertyItem",
      "heading_level": null,
      "page_id": 36,
      "polygon": [
        [
          40.996826171875,
          709.2041015625
        ],
        [
          160.05859375,
          709.2041015625
        ],
        [
          160.05859375,
          724.8271484375
        ],
        [
          40.996826171875,
          724.8271484375
        ]
      ]
    },
    {
      "title": "External triggers",
      "heading_level": null,
      "page_id": 38,
      "polygon": [
        [
          42.41552734375,
          43.8370361328125
        ],
        [
          138.45068359375,
          43.8370361328125
        ],
        [
          138.45068359375,
          59.6142578125
        ],
        [
          42.41552734375,
          59.6142578125
        ]
      ]
    },
    {
      "title": "Color",
      "heading_level": null,
      "page_id": 39,
      "polygon": [
        [
          41.90625,
          43.55438232421875
        ],
        [
          86.5771484375,
          43.55438232421875
        ],
        [
          86.5771484375,
          64.13671875
        ],
        [
          41.90625,
          64.13671875
        ]
      ]
    },
    {
      "title": "Variables",
      "heading_level": null,
      "page_id": 40,
      "polygon": [
        [
          42.27001953125,
          43.4259033203125
        ],
        [
          113.71435546875,
          43.4259033203125
        ],
        [
          113.71435546875,
          64.0853271484375
        ],
        [
          42.27001953125,
          64.0853271484375
        ]
      ]
    },
    {
      "title": "Public properties",
      "heading_level": null,
      "page_id": 41,
      "polygon": [
        [
          42.48828125,
          43.81134033203125
        ],
        [
          173.2998046875,
          43.81134033203125
        ],
        [
          173.2998046875,
          64.2908935546875
        ],
        [
          42.48828125,
          64.2908935546875
        ]
      ]
    },
    {
      "title": "public_properties.json",
      "heading_level": null,
      "page_id": 41,
      "polygon": [
        [
          42.49370193481445,
          692.7587890625
        ],
        [
          187.8505859375,
          692.7587890625
        ],
        [
          187.8505859375,
          711.6708984375
        ],
        [
          42.49370193481445,
          711.6708984375
        ]
      ]
    },
    {
      "title": "PublicProperty",
      "heading_level": null,
      "page_id": 42,
      "polygon": [
        [
          41.68798828125,
          44.3509521484375
        ],
        [
          127.10107421875,
          44.3509521484375
        ],
        [
          127.10107421875,
          59.2545166015625
        ],
        [
          41.68798828125,
          59.2545166015625
        ]
      ]
    },
    {
      "title": "PublicPropertiesCategory",
      "heading_level": null,
      "page_id": 42,
      "polygon": [
        [
          41.360595703125,
          254.69677734375
        ],
        [
          188.1416015625,
          254.69677734375
        ],
        [
          188.1416015625,
          270.31982421875
        ],
        [
          41.360595703125,
          270.31982421875
        ]
      ]
    },
    {
      "title": "PublicPropertiesPreset",
      "heading_level": null,
      "page_id": 42,
      "polygon": [
        [
          42.12451171875,
          355.01318359375
        ],
        [
          172.28125,
          355.01318359375
        ],
        [
          172.28125,
          371.04736328125
        ],
        [
          42.12451171875,
          371.04736328125
        ]
      ]
    },
    {
      "title": "Enum properties",
      "heading_level": null,
      "page_id": 42,
      "polygon": [
        [
          42.379150390625,
          455.9462890625
        ],
        [
          152.6376953125,
          455.9462890625
        ],
        [
          152.6376953125,
          474.0361328125
        ],
        [
          42.379150390625,
          474.0361328125
        ]
      ]
    },
    {
      "title": "Categories",
      "heading_level": null,
      "page_id": 42,
      "polygon": [
        [
          42.888427734375,
          688.6474609375
        ],
        [
          112.54216003417969,
          688.6474609375
        ],
        [
          112.54216003417969,
          706.7373046875
        ],
        [
          42.888427734375,
          706.7373046875
        ]
      ]
    },
    {
      "title": "Presets",
      "heading_level": null,
      "page_id": 43,
      "polygon": [
        [
          43.14306640625,
          43.4259033203125
        ],
        [
          90.57861328125,
          43.4259033203125
        ],
        [
          90.57861328125,
          61.5157470703125
        ],
        [
          43.14306640625,
          61.5157470703125
        ]
      ]
    },
    {
      "title": "Expressions",
      "heading_level": null,
      "page_id": 44,
      "polygon": [
        [
          42.197265625,
          43.580078125
        ],
        [
          132.994140625,
          43.580078125
        ],
        [
          132.994140625,
          64.13671875
        ],
        [
          42.197265625,
          64.13671875
        ]
      ]
    },
    {
      "title": "Data source",
      "heading_level": null,
      "page_id": 44,
      "polygon": [
        [
          41.615234375,
          208.64990234375
        ],
        [
          111.458984375,
          208.64990234375
        ],
        [
          111.458984375,
          223.03955078125
        ],
        [
          41.615234375,
          223.03955078125
        ]
      ]
    },
    {
      "title": "Data objects",
      "heading_level": null,
      "page_id": 44,
      "polygon": [
        [
          43.28857421875,
          393.4541015625
        ],
        [
          125.93701171875,
          393.4541015625
        ],
        [
          125.93701171875,
          410.5291748046875
        ],
        [
          43.28857421875,
          410.5291748046875
        ]
      ]
    },
    {
      "title": "\"{Session.DriverDayDriver.Name}\"",
      "heading_level": null,
      "page_id": 45,
      "polygon": [
        [
          78.07499694824219,
          395.9208984375
        ],
        [
          303.8203125,
          395.9208984375
        ],
        [
          303.8203125,
          411.5439453125
        ],
        [
          78.07499694824219,
          411.5439453125
        ]
      ]
    },
    {
      "title": "Return value of expressions",
      "heading_level": null,
      "page_id": 46,
      "polygon": [
        [
          42.70654296875,
          43.9398193359375
        ],
        [
          224.59815979003906,
          43.9398193359375
        ],
        [
          224.59815979003906,
          61.4129638671875
        ],
        [
          42.70654296875,
          61.4129638671875
        ]
      ]
    },
    {
      "title": "\u0421\nombining expressions",
      "heading_level": null,
      "page_id": 46,
      "polygon": [
        [
          42.197265625,
          360.5634765625
        ],
        [
          195.9990234375,
          360.5634765625
        ],
        [
          195.9990234375,
          377.7300109863281
        ],
        [
          42.197265625,
          377.7300109863281
        ]
      ]
    },
    {
      "title": "Escaping special symbols",
      "heading_level": null,
      "page_id": 46,
      "polygon": [
        [
          42.85205078125,
          591.208984375
        ],
        [
          207.494140625,
          591.208984375
        ],
        [
          207.494140625,
          608.6492004394531
        ],
        [
          42.85205078125,
          608.6492004394531
        ]
      ]
    },
    {
      "title": "Data Converters",
      "heading_level": null,
      "page_id": 48,
      "polygon": [
        [
          42.233642578125,
          44.37664794921875
        ],
        [
          167.333984375,
          44.37664794921875
        ],
        [
          167.333984375,
          63.8797607421875
        ],
        [
          42.233642578125,
          63.8797607421875
        ]
      ]
    },
    {
      "title": "Parameters",
      "heading_level": null,
      "page_id": 48,
      "polygon": [
        [
          42.379150390625,
          223.2451171875
        ],
        [
          116.77876281738281,
          223.2451171875
        ],
        [
          116.77876281738281,
          238.45703125
        ],
        [
          42.379150390625,
          238.45703125
        ]
      ]
    },
    {
      "title": "\u0421\nonverters\n \n(with one parameter or without parameters):",
      "heading_level": null,
      "page_id": 48,
      "polygon": [
        [
          40.8876953125,
          493.359375
        ],
        [
          412.66015625,
          493.359375
        ],
        [
          412.66015625,
          509.20001220703125
        ],
        [
          40.8876953125,
          509.20001220703125
        ]
      ]
    },
    {
      "title": "\u0421\nonverters (with multiple parameters)",
      "heading_level": null,
      "page_id": 50,
      "polygon": [
        [
          42.12451171875,
          359.94677734375
        ],
        [
          293.34375,
          359.94677734375
        ],
        [
          293.34375,
          377.21435546875
        ],
        [
          42.12451171875,
          377.21435546875
        ]
      ]
    },
    {
      "title": "Localization support",
      "heading_level": null,
      "page_id": 51,
      "polygon": [
        [
          42.27001953125,
          43.5286865234375
        ],
        [
          197.1558074951172,
          43.5286865234375
        ],
        [
          197.1558074951172,
          64.1881103515625
        ],
        [
          42.27001953125,
          64.1881103515625
        ]
      ]
    },
    {
      "title": "<localization>.json",
      "heading_level": null,
      "page_id": 51,
      "polygon": [
        [
          44.5313835144043,
          206.697021484375
        ],
        [
          169.37109375,
          206.697021484375
        ],
        [
          169.37109375,
          223.2451171875
        ],
        [
          44.5313835144043,
          223.2451171875
        ]
      ]
    },
    {
      "title": "Appendix",
      "heading_level": null,
      "page_id": 53,
      "polygon": [
        [
          41.90625,
          42.93768310546875
        ],
        [
          117.861328125,
          42.93768310546875
        ],
        [
          117.861328125,
          65.5242919921875
        ],
        [
          41.90625,
          65.5242919921875
        ]
      ]
    }
  ],
  "page_stats": [
    {
      "page_id": 0,
      "text_extraction_method": "pdftext",
      "block_counts": [
        [
          "Span",
          7
        ],
        [
          "Line",
          4
        ],
        [
          "SectionHeader",
          3
        ],
        [
          "Text",
          1
        ]
      ],
      "block_metadata": {
        "llm_request_count": 0,
        "llm_error_count": 0,
        "llm_tokens_used": 0
      }
    },
    {
      "page_id": 1,
      "text_extraction_method": "pdftext",
      "block_counts": [
        [
          "Span",
          77
        ],
        [
          "Line",
          19
        ],
        [
          "Text",
          7
        ],
        [
          "SectionHeader",
          1
        ],
        [
          "Picture",
          1
        ]
      ],
      "block_metadata": {
        "llm_request_count": 0,
        "llm_error_count": 0,
        "llm_tokens_used": 0
      }
    },
    {
      "page_id": 2,
      "text_extraction_method": "pdftext",
      "block_counts": [
        [
          "Span",
          26
        ],
        [
          "Line",
          9
        ],
        [
          "Text",
          2
        ],
        [
          "Table",
          1
        ],
        [
          "SectionHeader",
          1
        ],
        [
          "Figure",
          1
        ]
      ],
      "block_metadata": {
        "llm_request_count": 0,
        "llm_error_count": 0,
        "llm_tokens_used": 0
      }
    },
    {
      "page_id": 3,
      "text_extraction_method": "pdftext",
      "block_counts": [
        [
          "Span",
          168
        ],
        [
          "Line",
          63
        ],
        [
          "ListItem",
          14
        ],
        [
          "Text",
          4
        ],
        [
          "SectionHeader",
          2
        ],
        [
          "ListGroup",
          2
        ],
        [
          "Picture",
          1
        ]
      ],
      "block_metadata": {
        "llm_request_count": 0,
        "llm_error_count": 0,
        "llm_tokens_used": 0
      }
    },
    {
      "page_id": 4,
      "text_extraction_method": "pdftext",
      "block_counts": [
        [
          "Span",
          166
        ],
        [
          "Line",
          25
        ],
        [
          "ListItem",
          14
        ],
        [
          "ListGroup",
          2
        ],
        [
          "Text",
          1
        ],
        [
          "SectionHeader",
          1
        ]
      ],
      "block_metadata": {
        "llm_request_count": 0,
        "llm_error_count": 0,
        "llm_tokens_used": 0
      }
    },
    {
      "page_id": 5,
      "text_extraction_method": "pdftext",
      "block_counts": [
        [
          "Span",
          101
        ],
        [
          "Line",
          46
        ],
        [
          "Text",
          5
        ],
        [
          "ListItem",
          4
        ],
        [
          "ListGroup",
          2
        ],
        [
          "SectionHeader",
          1
        ],
        [
          "TextInlineMath",
          1
        ]
      ],
      "block_metadata": {
        "llm_request_count": 0,
        "llm_error_count": 0,
        "llm_tokens_used": 0
      }
    },
    {
      "page_id": 6,
      "text_extraction_method": "pdftext",
      "block_counts": [
        [
          "Span",
          109
        ],
        [
          "Line",
          42
        ],
        [
          "ListItem",
          10
        ],
        [
          "Text",
          6
        ],
        [
          "SectionHeader",
          2
        ],
        [
          "ListGroup",
          1
        ]
      ],
      "block_metadata": {
        "llm_request_count": 0,
        "llm_error_count": 0,
        "llm_tokens_used": 0
      }
    },
    {
      "page_id": 7,
      "text_extraction_method": "pdftext",
      "block_counts": [
        [
          "Span",
          226
        ],
        [
          "Line",
          83
        ],
        [
          "ListItem",
          7
        ],
        [
          "SectionHeader",
          2
        ],
        [
          "Text",
          2
        ],
        [
          "Table",
          1
        ],
        [
          "ListGroup",
          1
        ]
      ],
      "block_metadata": {
        "llm_request_count": 0,
        "llm_error_count": 0,
        "llm_tokens_used": 0
      }
    },
    {
      "page_id": 8,
      "text_extraction_method": "pdftext",
      "block_counts": [
        [
          "Span",
          209
        ],
        [
          "Line",
          96
        ],
        [
          "ListItem",
          4
        ],
        [
          "Table",
          2
        ],
        [
          "SectionHeader",
          1
        ],
        [
          "Text",
          1
        ],
        [
          "ListGroup",
          1
        ]
      ],
      "block_metadata": {
        "llm_request_count": 0,
        "llm_error_count": 0,
        "llm_tokens_used": 0
      }
    },
    {
      "page_id": 9,
      "text_extraction_method": "pdftext",
      "block_counts": [
        [
          "Span",
          172
        ],
        [
          "Line",
          79
        ],
        [
          "SectionHeader",
          3
        ],
        [
          "Text",
          3
        ],
        [
          "Code",
          2
        ],
        [
          "Table",
          2
        ]
      ],
      "block_metadata": {
        "llm_request_count": 0,
        "llm_error_count": 0,
        "llm_tokens_used": 0
      }
    },
    {
      "page_id": 10,
      "text_extraction_method": "pdftext",
      "block_counts": [
        [
          "Span",
          121
        ],
        [
          "Line",
          37
        ],
        [
          "Table",
          1
        ]
      ],
      "block_metadata": {
        "llm_request_count": 0,
        "llm_error_count": 0,
        "llm_tokens_used": 0
      }
    },
    {
      "page_id": 11,
      "text_extraction_method": "pdftext",
      "block_counts": [
        [
          "Span",
          142
        ],
        [
          "Line",
          37
        ],
        [
          "Text",
          9
        ],
        [
          "ListItem",
          4
        ],
        [
          "Picture",
          2
        ],
        [
          "SectionHeader",
          1
        ],
        [
          "Figure",
          1
        ],
        [
          "ListGroup",
          1
        ]
      ],
      "block_metadata": {
        "llm_request_count": 0,
        "llm_error_count": 0,
        "llm_tokens_used": 0
      }
    },
    {
      "page_id": 12,
      "text_extraction_method": "pdftext",
      "block_counts": [
        [
          "Span",
          59
        ],
        [
          "Line",
          24
        ],
        [
          "ListItem",
          5
        ],
        [
          "Text",
          2
        ],
        [
          "Picture",
          1
        ],
        [
          "SectionHeader",
          1
        ],
        [
          "ListGroup",
          1
        ]
      ],
      "block_metadata": {
        "llm_request_count": 0,
        "llm_error_count": 0,
        "llm_tokens_used": 0
      }
    },
    {
      "page_id": 13,
      "text_extraction_method": "pdftext",
      "block_counts": [
        [
          "Span",
          161
        ],
        [
          "Line",
          76
        ],
        [
          "ListItem",
          8
        ],
        [
          "Text",
          2
        ],
        [
          "SectionHeader",
          1
        ],
        [
          "Table",
          1
        ],
        [
          "ListGroup",
          1
        ]
      ],
      "block_metadata": {
        "llm_request_count": 0,
        "llm_error_count": 0,
        "llm_tokens_used": 0
      }
    },
    {
      "page_id": 14,
      "text_extraction_method": "pdftext",
      "block_counts": [
        [
          "Span",
          139
        ],
        [
          "Line",
          30
        ],
        [
          "ListItem",
          9
        ],
        [
          "Text",
          5
        ],
        [
          "ListGroup",
          2
        ],
        [
          "SectionHeader",
          1
        ],
        [
          "Picture",
          1
        ]
      ],
      "block_metadata": {
        "llm_request_count": 0,
        "llm_error_count": 0,
        "llm_tokens_used": 0
      }
    },
    {
      "page_id": 15,
      "text_extraction_method": "pdftext",
      "block_counts": [
        [
          "Span",
          98
        ],
        [
          "Line",
          33
        ],
        [
          "Text",
          5
        ],
        [
          "ListItem",
          2
        ],
        [
          "Picture",
          2
        ],
        [
          "SectionHeader",
          1
        ],
        [
          "ListGroup",
          1
        ]
      ],
      "block_metadata": {
        "llm_request_count": 0,
        "llm_error_count": 0,
        "llm_tokens_used": 0
      }
    },
    {
      "page_id": 16,
      "text_extraction_method": "pdftext",
      "block_counts": [
        [
          "Span",
          11
        ],
        [
          "Line",
          6
        ],
        [
          "Caption",
          1
        ],
        [
          "Picture",
          1
        ],
        [
          "Text",
          1
        ],
        [
          "PictureGroup",
          1
        ]
      ],
      "block_metadata": {
        "llm_request_count": 0,
        "llm_error_count": 0,
        "llm_tokens_used": 0
      }
    },
    {
      "page_id": 17,
      "text_extraction_method": "pdftext",
      "block_counts": [
        [
          "Span",
          92
        ],
        [
          "Line",
          39
        ],
        [
          "Text",
          9
        ],
        [
          "ListItem",
          3
        ],
        [
          "SectionHeader",
          1
        ],
        [
          "ListGroup",
          1
        ]
      ],
      "block_metadata": {
        "llm_request_count": 0,
        "llm_error_count": 0,
        "llm_tokens_used": 0
      }
    },
    {
      "page_id": 18,
      "text_extraction_method": "pdftext",
      "block_counts": [
        [
          "Span",
          129
        ],
        [
          "Line",
          38
        ],
        [
          "ListItem",
          11
        ],
        [
          "Text",
          9
        ],
        [
          "SectionHeader",
          2
        ],
        [
          "Picture",
          1
        ],
        [
          "Table",
          1
        ],
        [
          "ListGroup",
          1
        ]
      ],
      "block_metadata": {
        "llm_request_count": 0,
        "llm_error_count": 0,
        "llm_tokens_used": 0
      }
    },
    {
      "page_id": 19,
      "text_extraction_method": "pdftext",
      "block_counts": [
        [
          "Span",
          270
        ],
        [
          "Line",
          51
        ],
        [
          "ListItem",
          30
        ],
        [
          "Table",
          1
        ],
        [
          "SectionHeader",
          1
        ],
        [
          "ListGroup",
          1
        ]
      ],
      "block_metadata": {
        "llm_request_count": 0,
        "llm_error_count": 0,
        "llm_tokens_used": 0
      }
    },
    {
      "page_id": 20,
      "text_extraction_method": "pdftext",
      "block_counts": [
        [
          "Span",
          156
        ],
        [
          "Line",
          27
        ],
        [
          "ListItem",
          11
        ],
        [
          "Text",
          6
        ],
        [
          "Picture",
          1
        ],
        [
          "ListGroup",
          1
        ]
      ],
      "block_metadata": {
        "llm_request_count": 0,
        "llm_error_count": 0,
        "llm_tokens_used": 0
      }
    },
    {
      "page_id": 21,
      "text_extraction_method": "pdftext",
      "block_counts": [
        [
          "Span",
          9
        ],
        [
          "Table",
          1
        ],
        [
          "Text",
          1
        ],
        [
          "Line",
          1
        ]
      ],
      "block_metadata": {
        "llm_request_count": 0,
        "llm_error_count": 0,
        "llm_tokens_used": 0
      }
    },
    {
      "page_id": 22,
      "text_extraction_method": "pdftext",
      "block_counts": [
        [
          "Span",
          162
        ],
        [
          "Line",
          47
        ],
        [
          "ListItem",
          11
        ],
        [
          "Text",
          7
        ],
        [
          "SectionHeader",
          4
        ],
        [
          "ListGroup",
          3
        ]
      ],
      "block_metadata": {
        "llm_request_count": 0,
        "llm_error_count": 0,
        "llm_tokens_used": 0
      }
    },
    {
      "page_id": 23,
      "text_extraction_method": "pdftext",
      "block_counts": [
        [
          "Span",
          120
        ],
        [
          "Line",
          26
        ],
        [
          "ListItem",
          12
        ],
        [
          "SectionHeader",
          4
        ],
        [
          "Text",
          3
        ],
        [
          "ListGroup",
          3
        ],
        [
          "Figure",
          1
        ]
      ],
      "block_metadata": {
        "llm_request_count": 0,
        "llm_error_count": 0,
        "llm_tokens_used": 0
      }
    },
    {
      "page_id": 24,
      "text_extraction_method": "pdftext",
      "block_counts": [
        [
          "Span",
          101
        ],
        [
          "Line",
          24
        ],
        [
          "ListItem",
          10
        ],
        [
          "Text",
          3
        ],
        [
          "ListGroup",
          3
        ],
        [
          "Figure",
          1
        ],
        [
          "SectionHeader",
          1
        ]
      ],
      "block_metadata": {
        "llm_request_count": 0,
        "llm_error_count": 0,
        "llm_tokens_used": 0
      }
    },
    {
      "page_id": 25,
      "text_extraction_method": "pdftext",
      "block_counts": [
        [
          "Span",
          108
        ],
        [
          "Line",
          20
        ],
        [
          "ListItem",
          10
        ],
        [
          "SectionHeader",
          2
        ],
        [
          "Text",
          2
        ],
        [
          "Form",
          1
        ],
        [
          "ListGroup",
          1
        ]
      ],
      "block_metadata": {
        "llm_request_count": 0,
        "llm_error_count": 0,
        "llm_tokens_used": 0
      }
    },
    {
      "page_id": 26,
      "text_extraction_method": "pdftext",
      "block_counts": [
        [
          "Span",
          131
        ],
        [
          "Line",
          35
        ],
        [
          "ListItem",
          13
        ],
        [
          "SectionHeader",
          6
        ],
        [
          "ListGroup",
          4
        ],
        [
          "Text",
          3
        ]
      ],
      "block_metadata": {
        "llm_request_count": 0,
        "llm_error_count": 0,
        "llm_tokens_used": 0
      }
    },
    {
      "page_id": 27,
      "text_extraction_method": "pdftext",
      "block_counts": [
        [
          "Span",
          252
        ],
        [
          "Line",
          40
        ],
        [
          "ListItem",
          27
        ],
        [
          "ListGroup",
          2
        ],
        [
          "SectionHeader",
          1
        ]
      ],
      "block_metadata": {
        "llm_request_count": 0,
        "llm_error_count": 0,
        "llm_tokens_used": 0
      }
    },
    {
      "page_id": 28,
      "text_extraction_method": "pdftext",
      "block_counts": [
        [
          "Span",
          81
        ],
        [
          "Line",
          33
        ],
        [
          "ListItem",
          8
        ],
        [
          "Text",
          6
        ],
        [
          "SectionHeader",
          4
        ],
        [
          "ListGroup",
          2
        ],
        [
          "Picture",
          1
        ]
      ],
      "block_metadata": {
        "llm_request_count": 0,
        "llm_error_count": 0,
        "llm_tokens_used": 0
      }
    },
    {
      "page_id": 29,
      "text_extraction_method": "pdftext",
      "block_counts": [
        [
          "Span",
          118
        ],
        [
          "Line",
          30
        ],
        [
          "Text",
          8
        ],
        [
          "ListItem",
          5
        ],
        [
          "Code",
          4
        ],
        [
          "SectionHeader",
          3
        ],
        [
          "ListGroup",
          1
        ]
      ],
      "block_metadata": {
        "llm_request_count": 0,
        "llm_error_count": 0,
        "llm_tokens_used": 0
      }
    },
    {
      "page_id": 30,
      "text_extraction_method": "pdftext",
      "block_counts": [
        [
          "Span",
          48
        ],
        [
          "Line",
          16
        ],
        [
          "SectionHeader",
          3
        ],
        [
          "Text",
          3
        ],
        [
          "Figure",
          1
        ],
        [
          "ListItem",
          1
        ],
        [
          "Picture",
          1
        ]
      ],
      "block_metadata": {
        "llm_request_count": 0,
        "llm_error_count": 0,
        "llm_tokens_used": 0
      }
    },
    {
      "page_id": 31,
      "text_extraction_method": "pdftext",
      "block_counts": [
        [
          "Span",
          93
        ],
        [
          "Line",
          37
        ],
        [
          "ListItem",
          7
        ],
        [
          "Text",
          3
        ],
        [
          "SectionHeader",
          1
        ],
        [
          "Code",
          1
        ],
        [
          "Picture",
          1
        ],
        [
          "Figure",
          1
        ],
        [
          "ListGroup",
          1
        ]
      ],
      "block_metadata": {
        "llm_request_count": 0,
        "llm_error_count": 0,
        "llm_tokens_used": 0
      }
    },
    {
      "page_id": 32,
      "text_extraction_method": "pdftext",
      "block_counts": [
        [
          "Span",
          72
        ],
        [
          "Line",
          24
        ],
        [
          "Text",
          8
        ],
        [
          "Code",
          3
        ],
        [
          "Picture",
          2
        ]
      ],
      "block_metadata": {
        "llm_request_count": 0,
        "llm_error_count": 0,
        "llm_tokens_used": 0
      }
    },
    {
      "page_id": 33,
      "text_extraction_method": "pdftext",
      "block_counts": [
        [
          "Span",
          148
        ],
        [
          "Line",
          32
        ],
        [
          "Text",
          8
        ],
        [
          "ListItem",
          5
        ],
        [
          "Code",
          4
        ],
        [
          "SectionHeader",
          3
        ],
        [
          "ListGroup",
          1
        ]
      ],
      "block_metadata": {
        "llm_request_count": 0,
        "llm_error_count": 0,
        "llm_tokens_used": 0
      }
    },
    {
      "page_id": 34,
      "text_extraction_method": "pdftext",
      "block_counts": [
        [
          "Span",
          58
        ],
        [
          "Line",
          20
        ],
        [
          "SectionHeader",
          3
        ],
        [
          "Text",
          3
        ],
        [
          "ListItem",
          2
        ],
        [
          "Figure",
          1
        ],
        [
          "Picture",
          1
        ],
        [
          "ListGroup",
          1
        ]
      ],
      "block_metadata": {
        "llm_request_count": 0,
        "llm_error_count": 0,
        "llm_tokens_used": 0
      }
    },
    {
      "page_id": 35,
      "text_extraction_method": "pdftext",
      "block_counts": [
        [
          "Line",
          3
        ],
        [
          "Span",
          3
        ],
        [
          "SectionHeader",
          1
        ],
        [
          "Text",
          1
        ]
      ],
      "block_metadata": {
        "llm_request_count": 0,
        "llm_error_count": 0,
        "llm_tokens_used": 0
      }
    },
    {
      "page_id": 36,
      "text_extraction_method": "pdftext",
      "block_counts": [
        [
          "Span",
          127
        ],
        [
          "Line",
          27
        ],
        [
          "ListItem",
          10
        ],
        [
          "SectionHeader",
          3
        ],
        [
          "Text",
          1
        ],
        [
          "Picture",
          1
        ],
        [
          "ListGroup",
          1
        ]
      ],
      "block_metadata": {
        "llm_request_count": 0,
        "llm_error_count": 0,
        "llm_tokens_used": 0
      }
    },
    {
      "page_id": 37,
      "text_extraction_method": "pdftext",
      "block_counts": [
        [
          "Span",
          92
        ],
        [
          "Line",
          16
        ],
        [
          "ListItem",
          3
        ],
        [
          "Picture",
          2
        ],
        [
          "Text",
          2
        ],
        [
          "ListGroup",
          1
        ]
      ],
      "block_metadata": {
        "llm_request_count": 0,
        "llm_error_count": 0,
        "llm_tokens_used": 0
      }
    },
    {
      "page_id": 38,
      "text_extraction_method": "pdftext",
      "block_counts": [
        [
          "Span",
          104
        ],
        [
          "Line",
          25
        ],
        [
          "Text",
          6
        ],
        [
          "Code",
          5
        ],
        [
          "ListItem",
          4
        ],
        [
          "SectionHeader",
          1
        ],
        [
          "Picture",
          1
        ]
      ],
      "block_metadata": {
        "llm_request_count": 0,
        "llm_error_count": 0,
        "llm_tokens_used": 0
      }
    },
    {
      "page_id": 39,
      "text_extraction_method": "pdftext",
      "block_counts": [
        [
          "Span",
          53
        ],
        [
          "Line",
          13
        ],
        [
          "Text",
          6
        ],
        [
          "ListItem",
          5
        ],
        [
          "SectionHeader",
          1
        ],
        [
          "ListGroup",
          1
        ]
      ],
      "block_metadata": {
        "llm_request_count": 0,
        "llm_error_count": 0,
        "llm_tokens_used": 0
      }
    },
    {
      "page_id": 40,
      "text_extraction_method": "pdftext",
      "block_counts": [
        [
          "Span",
          76
        ],
        [
          "Line",
          29
        ],
        [
          "ListItem",
          7
        ],
        [
          "Text",
          6
        ],
        [
          "Picture",
          2
        ],
        [
          "SectionHeader",
          1
        ],
        [
          "ListGroup",
          1
        ]
      ],
      "block_metadata": {
        "llm_request_count": 0,
        "llm_error_count": 0,
        "llm_tokens_used": 0
      }
    },
    {
      "page_id": 41,
      "text_extraction_method": "pdftext",
      "block_counts": [
        [
          "Span",
          47
        ],
        [
          "Line",
          19
        ],
        [
          "Text",
          3
        ],
        [
          "ListItem",
          3
        ],
        [
          "SectionHeader",
          2
        ],
        [
          "Form",
          1
        ],
        [
          "Figure",
          1
        ],
        [
          "Picture",
          1
        ],
        [
          "ListGroup",
          1
        ]
      ],
      "block_metadata": {
        "llm_request_count": 0,
        "llm_error_count": 0,
        "llm_tokens_used": 0
      }
    },
    {
      "page_id": 42,
      "text_extraction_method": "pdftext",
      "block_counts": [
        [
          "Span",
          148
        ],
        [
          "Line",
          27
        ],
        [
          "ListItem",
          13
        ],
        [
          "SectionHeader",
          5
        ],
        [
          "Text",
          3
        ],
        [
          "ListGroup",
          3
        ],
        [
          "Picture",
          1
        ]
      ],
      "block_metadata": {
        "llm_request_count": 0,
        "llm_error_count": 0,
        "llm_tokens_used": 0
      }
    },
    {
      "page_id": 43,
      "text_extraction_method": "pdftext",
      "block_counts": [
        [
          "Span",
          11
        ],
        [
          "Line",
          5
        ],
        [
          "SectionHeader",
          1
        ],
        [
          "Text",
          1
        ],
        [
          "Picture",
          1
        ]
      ],
      "block_metadata": {
        "llm_request_count": 0,
        "llm_error_count": 0,
        "llm_tokens_used": 0
      }
    },
    {
      "page_id": 44,
      "text_extraction_method": "pdftext",
      "block_counts": [
        [
          "Span",
          180
        ],
        [
          "Line",
          37
        ],
        [
          "ListItem",
          16
        ],
        [
          "Text",
          6
        ],
        [
          "SectionHeader",
          3
        ],
        [
          "ListGroup",
          2
        ],
        [
          "Code",
          1
        ],
        [
          "Table",
          1
        ]
      ],
      "block_metadata": {
        "llm_request_count": 0,
        "llm_error_count": 0,
        "llm_tokens_used": 0
      }
    },
    {
      "page_id": 45,
      "text_extraction_method": "pdftext",
      "block_counts": [
        [
          "Span",
          122
        ],
        [
          "Line",
          29
        ],
        [
          "Text",
          7
        ],
        [
          "ListItem",
          3
        ],
        [
          "Table",
          1
        ],
        [
          "SectionHeader",
          1
        ],
        [
          "Figure",
          1
        ],
        [
          "ListGroup",
          1
        ]
      ],
      "block_metadata": {
        "llm_request_count": 0,
        "llm_error_count": 0,
        "llm_tokens_used": 0
      }
    },
    {
      "page_id": 46,
      "text_extraction_method": "pdftext",
      "block_counts": [
        [
          "Span",
          100
        ],
        [
          "Line",
          44
        ],
        [
          "Text",
          8
        ],
        [
          "SectionHeader",
          3
        ],
        [
          "Picture",
          1
        ],
        [
          "Code",
          1
        ],
        [
          "Table",
          1
        ]
      ],
      "block_metadata": {
        "llm_request_count": 0,
        "llm_error_count": 0,
        "llm_tokens_used": 0
      }
    },
    {
      "page_id": 47,
      "text_extraction_method": "pdftext",
      "block_counts": [
        [
          "Span",
          15
        ],
        [
          "Line",
          6
        ],
        [
          "Text",
          4
        ],
        [
          "Table",
          1
        ],
        [
          "Picture",
          1
        ]
      ],
      "block_metadata": {
        "llm_request_count": 0,
        "llm_error_count": 0,
        "llm_tokens_used": 0
      }
    },
    {
      "page_id": 48,
      "text_extraction_method": "pdftext",
      "block_counts": [
        [
          "Span",
          137
        ],
        [
          "Line",
          44
        ],
        [
          "Text",
          9
        ],
        [
          "SectionHeader",
          3
        ],
        [
          "Code",
          1
        ],
        [
          "Table",
          1
        ]
      ],
      "block_metadata": {
        "llm_request_count": 0,
        "llm_error_count": 0,
        "llm_tokens_used": 0
      }
    },
    {
      "page_id": 49,
      "text_extraction_method": "pdftext",
      "block_counts": [
        [
          "Span",
          197
        ],
        [
          "Line",
          71
        ],
        [
          "Table",
          1
        ]
      ],
      "block_metadata": {
        "llm_request_count": 0,
        "llm_error_count": 0,
        "llm_tokens_used": 0
      }
    },
    {
      "page_id": 50,
      "text_extraction_method": "pdftext",
      "block_counts": [
        [
          "Span",
          133
        ],
        [
          "Line",
          55
        ],
        [
          "Table",
          2
        ],
        [
          "Text",
          2
        ],
        [
          "SectionHeader",
          1
        ]
      ],
      "block_metadata": {
        "llm_request_count": 0,
        "llm_error_count": 0,
        "llm_tokens_used": 0
      }
    },
    {
      "page_id": 51,
      "text_extraction_method": "pdftext",
      "block_counts": [
        [
          "Span",
          107
        ],
        [
          "Line",
          40
        ],
        [
          "Text",
          6
        ],
        [
          "ListItem",
          4
        ],
        [
          "Picture",
          3
        ],
        [
          "SectionHeader",
          2
        ],
        [
          "Form",
          1
        ],
        [
          "ListGroup",
          1
        ]
      ],
      "block_metadata": {
        "llm_request_count": 0,
        "llm_error_count": 0,
        "llm_tokens_used": 0
      }
    },
    {
      "page_id": 52,
      "text_extraction_method": "pdftext",
      "block_counts": [
        [
          "Span",
          69
        ],
        [
          "Line",
          21
        ],
        [
          "Text",
          5
        ],
        [
          "ListItem",
          2
        ],
        [
          "ListGroup",
          1
        ]
      ],
      "block_metadata": {
        "llm_request_count": 0,
        "llm_error_count": 0,
        "llm_tokens_used": 0
      }
    },
    {
      "page_id": 53,
      "text_extraction_method": "pdftext",
      "block_counts": [
        [
          "Span",
          5
        ],
        [
          "Line",
          3
        ],
        [
          "SectionHeader",
          1
        ],
        [
          "Text",
          1
        ]
      ],
      "block_metadata": {
        "llm_request_count": 0,
        "llm_error_count": 0,
        "llm_tokens_used": 0
      }
    }
  ],
  "debug_data_path": "debug_data/FlexRenderer_Manual_Documentation"
}